{"author": "User", "comment": "Tutorial", "PV": {"resource": {"clearness_correction": 1}, "technical": {"T_r": 25, "loss_coeff": 0.37, "tracking": 0, "orientation": 0}, "mask": {"slope": 20, "lu_suitability": [0, 0, 0, 0, 0, 0, 0, 1, 1, 1, 1, 0, 1, 1, 1, 0, 1], "pa_suitability": [1, 0, 0, 0, 0, 0, 1, 1, 1, 1, 1]}, "weight": {"GCR": {"shadefree_period": 6, "day_north": 79, "day_south": 263, "lu_availability": [0.0, 0.0, 0.0, 0.0, 0.0, 0.0, 0.0, 0.02, 0.02, 0.02, 0.02, 0.0, 0.02, 0.02, 0.02, 0.0, 0.02], "pa_availability": [1.0, 0.0, 0.0, 0.0, 0.0, 0.0, 0.25, 1.0, 1.0, 1.0, 1.0]}, "lu_availability": [0.0, 0.0, 0.0, 0.0, 0.0, 0.0, 0.0, 0.02, 0.02, 0.02, 0.02, 0.0, 0.02, 0.02, 0.02, 0.0, 0.02], "pa_availability": [1.0, 0.0, 0.0, 0.0, 0.0, 0.0, 0.25, 1.0, 1.0, 1.0, 1.0], "power_density": 0.00016, "f_performance": 0.75}}, "region_name": "Austria", "year": 2015, "GeoRef": {"RasterOrigin": [9.375, 49.25], "RasterOrigin_alt": [9.375, 46.25], "pixelWidth": 0.004166666666666667, "pixelHeight": -0.004166666666666667}, "landuse": {"type": [0, 1, 2, 3, 4, 5, 6, 7, 8, 9, 10, 11, 12, 13, 14, 15, 16], "type_urban": 13, "Ross_coeff": [0.0208, 0.0208, 0.0208, 0.0208, 0.0208, 0.0208, 0.0208, 0.0208, 0.0208, 0.0208, 0.0208, 0.0208, 0.0208, 0.0208, 0.0208, 0.0208, 0.0208], "albedo": [0.0, 0.2, 0.2, 0.2, 0.2, 0.2, 0.2, 0.2, 0.2, 0.2, 0.2, 0.0, 0.2, 0.2, 0.2, 0.0, 0.2], "hellmann": [0.1, 0.25, 0.25, 0.25, 0.25, 0.25, 0.2, 0.2, 0.25, 0.25, 0.15, 0.15, 0.2, 0.4, 0.2, 0.15, 0.15], "height": [213, 366, 366, 366, 366, 366, 320, 320, 366, 366, 274, 274, 320, 457, 320, 274, 274]}, "protected_areas": {"type": [0, 1, 2, 3, 4, 5, 6, 7, 8, 9, 10], "IUCN_Category": ["Not Protected", "Ia", "Ib", "II", "III", "IV", "V", "VI", "Not Applicable", "Not Assigned", "Not Reported"]}, "spatial_scope": "D:\\Database_KS\\02 Shapefiles for regions\\User-defined\\gadm36_AUT_0.shp", "PA": "D:\\Database_KS\\03 Intermediate files\\Files Austria\\Maps\\Austria_Protected_areas.tif", "LU": "D:\\Database_KS\\03 Intermediate files\\Files Austria\\Maps\\Austria_Landuse.tif", "AREA": "D:\\Database_KS\\03 Intermediate files\\Files Austria\\Maps\\Austria_Area.mat", "timestamp": "20200909T151514", "function": "weight_potential_maps"}