{"author": "User", "comment": "Tutorial", "PV": {"resource": {"clearness_correction": 1}, "technical": {"T_r": 25, "loss_coeff": 0.37, "tracking": 0, "orientation": 0}, "mask": {"slope": 20, "lu_suitability": [0, 0, 0, 0, 0, 0, 0, 1, 1, 1, 1, 0, 1, 1, 1, 0, 1], "pa_suitability": [1, 0, 0, 0, 0, 0, 1, 1, 1, 1, 1]}, "weight": {"GCR": {"shadefree_period": 6, "day_north": 79, "day_south": 263, "lu_availability": [0.0, 0.0, 0.0, 0.0, 0.0, 0.0, 0.0, 0.02, 0.02, 0.02, 0.02, 0.0, 0.02, 0.02, 0.02, 0.0, 0.02], "pa_availability": [1.0, 0.0, 0.0, 0.0, 0.0, 0.0, 0.25, 1.0, 1.0, 1.0, 1.0]}, "lu_availability": [0.0, 0.0, 0.0, 0.0, 0.0, 0.0, 0.0, 0.02, 0.02, 0.02, 0.02, 0.0, 0.02, 0.02, 0.02, 0.0, 0.02], "pa_availability": [1.0, 0.0, 0.0, 0.0, 0.0, 0.0, 0.25, 1.0, 1.0, 1.0, 1.0], "power_density": 0.00016, "f_performance": 0.75}, "Ind_points": [[127, 159, 201, 223, 227, 248, 320, 241, 309, 352, 378, 121, 131, 121, 136, 71, 101, 119, 153, 188, 74, 120, 127, 168, 213, 153, 219, 158, 282, 310, 272, 292, 278, 214, 205, 193, 221, 262, 251, 266, 286, 308, 298, 385, 373, 461, 535, 582, 613, 532, 507, 542, 531, 580, 480, 481, 494, 403, 463, 488, 450, 408, 436, 403, 443, 480, 241, 315, 367, 407, 427, 400, 430, 319, 511, 550, 418], [886, 1085, 1645, 1571, 1288, 508, 671, 980, 1165, 1010, 901, 750, 1576, 1292, 1302, 1254, 1213, 1557, 1484, 1450, 1124, 1075, 358, 157, 207, 757, 545, 969, 160, 314, 121, 74, 753, 1050, 1203, 1693, 1701, 1063, 1560, 1638, 1642, 1405, 1243, 1177, 1707, 1762, 1617, 1537, 1500, 986, 1150, 1147, 1500, 1470, 1379, 1629, 1053, 892, 1310, 1331, 1469, 914, 1025, 1129, 1051, 1051, 1696, 1732, 1742, 1671, 1760, 1849, 1837, 1505, 1699, 1665, 1518]], "Crd_points": [[46.78125, 46.91458333333333, 47.08958333333333, 47.18125, 47.197916666666664, 47.28541666666666, 47.58541666666667, 47.25625, 47.53958333333333, 47.71875, 47.827083333333334, 46.75625, 46.797916666666666, 46.75625, 46.81875, 46.547916666666666, 46.672916666666666, 46.74791666666666, 46.889583333333334, 47.03541666666666, 46.56041666666666, 46.75208333333333, 46.78125, 46.952083333333334, 47.139583333333334, 46.889583333333334, 47.16458333333333, 46.91041666666666, 47.42708333333333, 47.543749999999996, 47.385416666666664, 47.46875, 47.41041666666666, 47.14375, 47.106249999999996, 47.05625, 47.172916666666666, 47.34375, 47.297916666666666, 47.360416666666666, 47.44375, 47.53541666666666, 47.49375, 47.856249999999996, 47.80625, 48.172916666666666, 48.481249999999996, 48.67708333333333, 48.80625, 48.46875, 48.36458333333333, 48.510416666666664, 48.46458333333333, 48.668749999999996, 48.25208333333333, 48.256249999999994, 48.31041666666666, 47.93125, 48.18125, 48.28541666666666, 48.12708333333333, 47.952083333333334, 48.06875, 47.93125, 48.09791666666666, 48.25208333333333, 47.25625, 47.56458333333333, 47.78125, 47.947916666666664, 48.03125, 47.918749999999996, 48.043749999999996, 47.58125, 48.381249999999994, 48.543749999999996, 47.99375], [13.06875, 13.897916666666665, 16.231250000000003, 15.922916666666667, 14.74375, 11.49375, 12.172916666666667, 13.460416666666665, 14.231250000000001, 13.585416666666665, 13.13125, 12.502083333333333, 15.94375, 14.760416666666666, 14.802083333333334, 14.602083333333333, 14.43125, 15.864583333333334, 15.560416666666667, 15.418750000000001, 14.060416666666667, 13.856250000000001, 10.86875, 10.03125, 10.239583333333334, 12.53125, 11.647916666666667, 13.414583333333333, 10.04375, 10.685416666666667, 9.88125, 9.685416666666667, 12.514583333333333, 13.752083333333333, 14.389583333333333, 16.431250000000002, 16.464583333333334, 13.80625, 15.877083333333333, 16.202083333333334, 16.218750000000004, 15.231250000000001, 14.55625, 14.28125, 16.489583333333336, 16.718750000000004, 16.114583333333336, 15.78125, 15.627083333333333, 13.485416666666667, 14.168750000000001, 14.15625, 15.627083333333333, 15.502083333333333, 15.122916666666667, 16.164583333333336, 13.764583333333333, 13.09375, 14.835416666666665, 14.922916666666667, 15.497916666666667, 13.185416666666667, 13.647916666666665, 14.081249999999999, 13.75625, 13.75625, 16.44375, 16.593750000000004, 16.635416666666668, 16.339583333333334, 16.710416666666667, 17.08125, 17.031250000000004, 15.647916666666665, 16.45625, 16.314583333333335, 15.702083333333333], ["CL00", "CL00", "CL00", "CL00", "CL00", "CL00", "CL00", "CL00", "CL00", "CL00", "CL00", "CL01", "CL01", "CL01", "CL01", "CL01", "CL01", "CL01", "CL01", "CL01", "CL01", "CL01", "CL02", "CL02", "CL02", "CL02", "CL02", "CL02", "CL02", "CL02", "CL02", "CL02", "CL02", "CL03", "CL03", "CL03", "CL03", "CL03", "CL03", "CL03", "CL03", "CL03", "CL03", "CL03", "CL04", "CL04", "CL04", "CL04", "CL04", "CL04", "CL04", "CL04", "CL04", "CL04", "CL04", "CL05", "CL05", "CL05", "CL05", "CL05", "CL05", "CL05", "CL05", "CL05", "CL05", "CL05", "CL06", "CL06", "CL06", "CL06", "CL06", "CL06", "CL06", "CL06", "CL06", "CL06", "CL06"], ["q100", "q90", "q80", "q70", "q60", "q50", "q40", "q30", "q20", "q10", "q0", "q100", "q90", "q80", "q70", "q60", "q50", "q40", "q30", "q20", "q10", "q0", "q100", "q90", "q80", "q70", "q60", "q50", "q40", "q30", "q20", "q10", "q0", "q100", "q90", "q80", "q70", "q60", "q50", "q40", "q30", "q20", "q10", "q0", "q100", "q90", "q80", "q70", "q60", "q50", "q40", "q30", "q20", "q10", "q0", "q100", "q90", "q80", "q70", "q60", "q50", "q40", "q30", "q20", "q10", "q0", "q100", "q90", "q80", "q70", "q60", "q50", "q40", "q30", "q20", "q10", "q0"]]}, "region_name": "Austria", "subregions_name": "Austria", "quantiles": [100, 90, 80, 70, 60, 50, 40, 30, 20, 10, 0], "Crd_all": [49.25, 17.5, 46.25, 9.375], "spatial_scope": "D:\\Database_KS\\02 Shapefiles for regions\\User-defined\\gadm36_AUT_0.shp", "subregions": "D:\\Database_KS\\02 Shapefiles for regions\\Clustering outputs\\Austria\\Wind_FLH - Solar_FLH\\05 final_output\\final_result.shp", "timestamp": "20200909T160702", "function": "find_representative_locations"}