{"author": "User", "comment": "Tutorial", "WindOn": {"resource": {"res_correction": 1, "topo_correction": 1, "topo_weight": "capacity"}, "technical": {"w_in": 4, "w_r": 13, "w_off": 25, "P_r": 3, "hub_height": 80}, "mask": {"slope": 20, "lu_suitability": [0, 1, 1, 1, 1, 1, 1, 1, 1, 1, 1, 0, 1, 0, 1, 0, 1], "pa_suitability": [1, 0, 0, 0, 0, 0, 1, 1, 1, 1, 1], "buffer_pixel_amount": 1}, "weight": {"lu_availability": [0.0, 0.08, 0.08, 0.08, 0.08, 0.08, 0.08, 0.1, 0.1, 0.1, 0.1, 0.0, 0.1, 0.0, 0.1, 0.0, 0.1], "pa_availability": [1.0, 0.0, 0.0, 0.0, 0.0, 0.0, 0.25, 1.0, 1.0, 1.0, 1.0], "power_density": 8e-06, "f_performance": 0.87}, "Ind_points": [[282, 333, 188, 170, 209, 237, 224, 279, 315, 285, 224, 144, 136, 155, 170, 117, 143, 154, 113, 115, 82, 121, 275, 249, 193, 302, 195, 291, 253, 245, 187, 236, 240, 327, 262, 186, 309, 321, 361, 322, 380, 253, 275, 277, 605, 509, 592, 548, 557, 574, 578, 550, 487, 510, 421, 374, 433, 407, 489, 438, 477, 451, 495, 444, 428, 313, 365, 422, 460, 374, 382, 434, 519, 504, 374, 286, 255], [890, 1344, 1231, 1228, 1362, 1619, 586, 847, 554, 957, 599, 1267, 1508, 1116, 1608, 1335, 1479, 1432, 1336, 1028, 1018, 857, 405, 646, 735, 281, 841, 322, 82, 53, 965, 749, 46, 1381, 1482, 1661, 1638, 1412, 1331, 1630, 1211, 1220, 1375, 1102, 1074, 1354, 1370, 1273, 1733, 1523, 1623, 1754, 991, 1006, 1391, 1034, 1423, 904, 1196, 977, 1007, 1484, 1127, 1334, 1161, 1038, 1545, 1814, 1826, 1845, 1745, 1727, 1682, 1759, 1422, 1738, 1648]], "Crd_points": [[47.42708333333333, 47.639583333333334, 47.03541666666666, 46.96041666666667, 47.12291666666666, 47.23958333333333, 47.18541666666666, 47.41458333333333, 47.56458333333333, 47.43958333333333, 47.18541666666666, 46.85208333333333, 46.81875, 46.89791666666667, 46.96041666666667, 46.73958333333333, 46.84791666666666, 46.89375, 46.72291666666666, 46.731249999999996, 46.59375, 46.75625, 47.39791666666667, 47.28958333333333, 47.05625, 47.510416666666664, 47.06458333333333, 47.46458333333333, 47.30625, 47.27291666666667, 47.03125, 47.235416666666666, 47.25208333333333, 47.61458333333333, 47.34375, 47.02708333333333, 47.53958333333333, 47.58958333333333, 47.75625, 47.59375, 47.83541666666667, 47.30625, 47.39791666666667, 47.40625, 48.77291666666667, 48.37291666666666, 48.71875, 48.53541666666666, 48.572916666666664, 48.64375, 48.66041666666666, 48.543749999999996, 48.28125, 48.37708333333333, 48.00625, 47.81041666666666, 48.05625, 47.947916666666664, 48.28958333333333, 48.077083333333334, 48.23958333333333, 48.13125, 48.31458333333333, 48.10208333333333, 48.03541666666666, 47.55625, 47.77291666666667, 48.010416666666664, 48.168749999999996, 47.81041666666666, 47.84375, 48.06041666666666, 48.41458333333333, 48.35208333333333, 47.81041666666666, 47.44375, 47.31458333333333], [13.085416666666667, 14.977083333333333, 14.50625, 14.49375, 15.052083333333334, 16.12291666666667, 11.81875, 12.90625, 11.685416666666667, 13.364583333333334, 11.872916666666667, 14.65625, 15.660416666666666, 14.027083333333334, 16.077083333333334, 14.939583333333333, 15.539583333333333, 15.34375, 14.94375, 13.660416666666666, 13.61875, 12.947916666666666, 11.064583333333333, 12.06875, 12.439583333333333, 10.547916666666667, 12.88125, 10.71875, 9.71875, 9.597916666666666, 13.397916666666665, 12.497916666666667, 9.56875, 15.13125, 15.552083333333334, 16.29791666666667, 16.202083333333334, 15.260416666666666, 14.922916666666667, 16.168750000000003, 14.422916666666667, 14.460416666666665, 15.106250000000001, 13.96875, 13.852083333333333, 15.018749999999999, 15.085416666666665, 14.68125, 16.597916666666666, 15.722916666666666, 16.139583333333334, 16.68541666666667, 13.50625, 13.56875, 15.172916666666667, 13.685416666666667, 15.30625, 13.143749999999999, 14.360416666666667, 13.447916666666666, 13.572916666666666, 15.560416666666667, 14.072916666666666, 14.935416666666667, 14.214583333333334, 13.702083333333333, 15.814583333333333, 16.93541666666667, 16.98541666666667, 17.064583333333335, 16.647916666666667, 16.572916666666668, 16.385416666666668, 16.70625, 15.302083333333334, 16.618750000000002, 16.243750000000002], ["CL00", "CL00", "CL00", "CL00", "CL00", "CL00", "CL00", "CL00", "CL00", "CL00", "CL00", "CL01", "CL01", "CL01", "CL01", "CL01", "CL01", "CL01", "CL01", "CL01", "CL01", "CL01", "CL02", "CL02", "CL02", "CL02", "CL02", "CL02", "CL02", "CL02", "CL02", "CL02", "CL02", "CL03", "CL03", "CL03", "CL03", "CL03", "CL03", "CL03", "CL03", "CL03", "CL03", "CL03", "CL04", "CL04", "CL04", "CL04", "CL04", "CL04", "CL04", "CL04", "CL04", "CL04", "CL04", "CL05", "CL05", "CL05", "CL05", "CL05", "CL05", "CL05", "CL05", "CL05", "CL05", "CL05", "CL06", "CL06", "CL06", "CL06", "CL06", "CL06", "CL06", "CL06", "CL06", "CL06", "CL06"], ["q100", "q90", "q80", "q70", "q60", "q50", "q40", "q30", "q20", "q10", "q0", "q100", "q90", "q80", "q70", "q60", "q50", "q40", "q30", "q20", "q10", "q0", "q100", "q90", "q80", "q70", "q60", "q50", "q40", "q30", "q20", "q10", "q0", "q100", "q90", "q80", "q70", "q60", "q50", "q40", "q30", "q20", "q10", "q0", "q100", "q90", "q80", "q70", "q60", "q50", "q40", "q30", "q20", "q10", "q0", "q100", "q90", "q80", "q70", "q60", "q50", "q40", "q30", "q20", "q10", "q0", "q100", "q90", "q80", "q70", "q60", "q50", "q40", "q30", "q20", "q10", "q0"]]}, "region_name": "Austria", "subregions_name": "Austria", "quantiles": [100, 90, 80, 70, 60, 50, 40, 30, 20, 10, 0], "Crd_all": [49.25, 17.5, 46.25, 9.375], "spatial_scope": "D:\\Database_KS\\02 Shapefiles for regions\\User-defined\\gadm36_AUT_0.shp", "subregions": "D:\\Database_KS\\02 Shapefiles for regions\\Clustering outputs\\Austria\\Wind_FLH - Solar_FLH\\05 final_output\\final_result.shp", "timestamp": "20200909T160636", "function": "find_representative_locations"}